ID,DISCOURSE,ORGANIZATION,GRAMMAR,MECHANICS,LENGTH,score,score2
RESPONSE_1,4.93806460126142,-0.0846667513334603,-0.316793975540994,4.65591397849462,279,3,3
RESPONSE_2,5.37989735354046,-0.15920308451727802,-0.271537693320852,4.76267281105991,434,4,4
RESPONSE_3,4.87137322676275,-0.13840913308956698,-0.3032392174315611,4.681992337164751,261,3,3
RESPONSE_4,4.71849887129509,-0.211288563682129,-0.30618621784789696,4.42410714285714,224,3,3
RESPONSE_5,4.62497281328427,-0.121267812518166,-0.261968415997792,5.0,204,3,3
RESPONSE_6,5.52942908751142,-0.204124145231932,0.0,4.57539682539683,504,4,4
RESPONSE_7,5.0562458053483095,-0.11286652959662,-0.178457652562062,4.5796178343949006,314,3,3
RESPONSE_8,4.774912960575191,-0.20541200750444,-0.0649569802461631,4.953586497890299,237,3,4
RESPONSE_9,5.46806014113513,-0.259827920984652,-0.225017580185205,3.85021097046413,474,3,3
RESPONSE_10,6.26909628370626,-0.32856437033638497,0.0,4.276515151515151,528,2,2
RESPONSE_11,6.15060276844628,-0.146020415081142,0.0,4.19189765458422,469,3,3
RESPONSE_12,5.29078910012725,-0.18778840120519694,0.0,4.56926952141058,397,4,4
RESPONSE_13,5.1817835502920895,-0.198307444884526,-0.158999682000954,4.47191011235955,356,3,3
RESPONSE_14,5.48893772615669,-0.0642824346533225,0.0,4.5495867768595,484,4,4
RESPONSE_15,4.44265125649032,-0.391076944437521,-0.351467511677404,4.7764705882352905,170,2,2
RESPONSE_16,5.31073988654659,-0.149071198499986,-0.131468439624436,4.02962962962963,405,3,4
RESPONSE_17,6.200509174042691,-0.2776312437480169,0.0,3.68965517241379,493,3,3
RESPONSE_18,5.69204721843778,-0.0711268017165705,-0.16931565460334902,4.82462057335582,593,4,5
RESPONSE_19,4.52720864451838,-0.194519505031855,-0.311925146946022,4.19459459459459,185,3,3
RESPONSE_20,4.753590191106361,-0.30794088102572,-0.185695338177052,4.44827586206897,232,3,3
RESPONSE_21,4.5849674786705705,-0.188982236504614,0.0,4.581632653061219,196,3,3
RESPONSE_22,4.7791234931115305,-0.194461117065649,-0.372364689766463,4.28991596638655,238,3,3
RESPONSE_23,5.52146091786225,-0.189736659610103,-0.189736659610103,4.6080000000000005,250,3,3
RESPONSE_24,5.56260286119342,-0.107314094038344,-0.061957821080879,4.41458733205374,521,4,4
RESPONSE_25,5.65248918026865,-0.102597835208515,-0.0837707816583391,4.3754385964912315,570,4,4
RESPONSE_26,4.98360662170834,-0.154830884321333,-0.24828176658071,4.48972602739726,292,3,4
RESPONSE_27,5.541263545158429,-0.0990147542976674,-0.276533159377486,4.65490196078431,510,4,4
RESPONSE_28,5.95064255258773,-0.169250800096582,-0.22821773229381895,4.30989583333333,384,4,4
RESPONSE_29,5.2704321630585005,-0.189709560179898,0.0,4.45501285347044,389,4,4
RESPONSE_30,5.7021144175555,-0.0817177846445437,0.0,4.56093489148581,599,4,4
RESPONSE_31,5.105945473900579,-0.239949489634293,-0.205971460217775,4.43030303030303,330,4,3
RESPONSE_32,5.48063892334199,-0.129099444873581,0.0,4.61666666666667,480,4,4
RESPONSE_33,4.69134788222914,-0.317675040241849,-0.253417014989599,4.3302752293578,218,3,3
RESPONSE_34,5.36597601502185,-0.231815266445093,-0.199297832823702,4.3411214953271005,428,3,3
RESPONSE_35,5.2094861528414205,-0.295688508381829,-0.32221908170066804,3.8551912568306,366,4,4
RESPONSE_36,5.62040086571715,-0.248181794051358,-0.4170288281141501,4.21739130434783,276,3,3
RESPONSE_37,4.48300255201388,-0.22549380840084896,-0.260377821961648,5.03389830508475,177,3,3
RESPONSE_38,5.27128869416012,-0.0925291512747007,-0.117041147196131,4.56506849315068,584,4,4
RESPONSE_39,5.257495372027781,-0.102062072615966,0.0,4.66927083333333,384,3,3
RESPONSE_40,5.491001710377541,-0.0786483757639614,-0.101534616513362,4.54432989690722,485,5,4
RESPONSE_41,5.01285505083457,-0.199778147463608,0.0,4.31929046563193,451,3,3
RESPONSE_42,5.0401940963378005,-0.17066403719657194,-0.3686764572048061,4.62459546925566,309,3,4
RESPONSE_43,4.9416424226093,-0.253546276418555,0.0,4.29642857142857,280,4,3
RESPONSE_44,5.38449506278909,-0.20318563844357893,-0.279251949637145,4.36238532110092,436,4,3
RESPONSE_45,3.17805383034795,-0.40824829046386296,-0.629152869605896,4.45833333333333,48,1,1
RESPONSE_46,5.0369526024136295,-0.21320071635561,-0.279145263119541,4.0129870129870095,308,3,3
RESPONSE_47,4.53259949315326,-0.179605302026775,-0.502680984365841,4.18279569892473,186,3,3
RESPONSE_48,5.161924741642482,-0.22070478408769895,-0.288261263221276,4.36389684813754,349,4,4
RESPONSE_49,5.87773578177964,-0.105851224804993,0.0,4.624649859943982,357,5,4
RESPONSE_50,4.95934199970871,-0.236939551103637,0.0,4.5649122807017495,285,3,3
RESPONSE_51,5.03370056702725,-0.235318067376639,-0.18928977492856894,4.1693811074918585,307,3,2
RESPONSE_52,4.7791234931115305,-0.140028008402801,-0.158776837207489,4.55182072829132,357,3,3
RESPONSE_53,5.7868973813667095,-0.0783260449987957,0.0,4.5582822085889605,652,5,4
RESPONSE_54,5.38449506278909,-0.19156525704423005,0.0,4.39678899082569,436,4,4
RESPONSE_55,5.53338948872752,-0.243492376778837,-0.251477845384773,4.80237154150198,253,3,3
RESPONSE_56,5.40941141405362,-0.141895130952121,0.0,4.8791946308724805,447,4,4
RESPONSE_57,4.67749084756772,-0.118124884643724,-0.15249857033260505,5.02325581395349,215,3,3
RESPONSE_58,5.4638318050256105,-0.130188910980824,0.0,4.46610169491525,472,4,4
RESPONSE_59,5.24174701505964,-0.16265001215808894,-0.454256762579498,4.03703703703704,378,3,3
RESPONSE_60,5.105945473900579,-0.134839972492648,-0.325669473639465,4.57575757575758,330,4,4
RESPONSE_61,5.114995309420499,-0.212238179989004,-0.305111607601371,4.489489489489491,333,3,4
RESPONSE_62,5.325446033936291,-0.231361147419526,-0.26563059068111106,4.10948905109489,411,3,3
RESPONSE_63,6.519147287940401,-0.0940720868383597,-0.127374207713181,4.572271386430679,678,6,6
RESPONSE_64,5.96357934361845,-0.0620970299700831,0.0,4.64652956298201,778,4,4
RESPONSE_65,3.9982007016692,-0.287347885566345,0.0,5.08256880733945,109,3,2
RESPONSE_66,5.899897353582491,-0.261711961295107,-0.305205971323477,4.4575342465753405,365,4,4
RESPONSE_67,5.170483995038151,-0.106600358177805,0.0,4.63352272727273,352,4,4
RESPONSE_68,5.79909265446053,-0.0778498944161523,0.0,4.34393939393939,660,3,4
RESPONSE_69,5.8006066592917405,-0.129001753263015,-0.19832887310274,4.47957639939486,661,4,4
RESPONSE_70,4.981320906427481,-0.287018923940964,0.0,4.30663615560641,437,4,3
RESPONSE_71,4.26267987704132,-0.20555661294825894,-0.41959067914834497,4.570422535211269,142,2,2
RESPONSE_72,5.10897119481712,-0.182298185396321,-0.31092882973458896,4.66465256797583,331,4,4
RESPONSE_73,5.105945473900579,-0.233549683248457,-0.369274472937998,4.236363636363641,330,3,4
RESPONSE_74,4.820281565605041,-0.29784169859063503,-0.508000508000762,4.84677419354839,124,2,2
RESPONSE_75,5.04985600724954,-0.196116135138184,-0.325221817793995,4.06089743589744,312,3,3
RESPONSE_76,5.28066243130932,-0.252216636152659,0.0,4.582697201017808,393,4,4
RESPONSE_77,5.9080829381689295,-0.0638442398069062,-0.0521286035142687,4.71195652173913,736,4,5
RESPONSE_78,5.2933048247244905,-0.187552337753985,-0.22416791983111,4.59045226130653,398,3,4
RESPONSE_79,4.89034912822175,-0.173421993904824,-0.26726124191242395,4.45488721804511,266,4,4
RESPONSE_80,4.65078069724014,-0.05643326479831,-0.319234753787049,4.582802547770701,314,4,4
RESPONSE_81,3.98898404656427,-0.235702260395516,-0.52704627669473,3.2407407407407405,54,1,1
RESPONSE_82,5.220355825078321,-0.0900450337781496,-0.164398987305357,4.6972972972973,370,4,4
RESPONSE_83,5.1957307777729405,-0.189765856603368,-0.174559199492389,4.28531855955679,361,4,4
RESPONSE_84,5.41387570718231,-0.2002225932798,0.0,4.2293986636971095,449,4,4
RESPONSE_85,5.21764946348058,-0.172656590094271,-0.0520579206295354,4.62330623306233,369,4,4
RESPONSE_86,6.26530121273771,-0.15104200810677698,-0.272294852489016,4.3212927756654,526,4,4
RESPONSE_87,5.24174701505964,-0.21206967009345104,-0.205737799949456,4.26719576719577,378,3,3
RESPONSE_88,6.08335981181224,-0.147189558897955,-0.0955091976801456,4.72976054732041,877,5,6
RESPONSE_89,5.07829394257007,-0.243290014494323,-0.17650112740455198,4.51401869158879,321,3,3
RESPONSE_90,5.19849703126583,-0.22298824387415,-0.37164707312358297,4.425414364640879,181,3,3
RESPONSE_91,5.59842195899838,-0.0608580619450185,0.0,4.7148148148148215,540,4,4
RESPONSE_92,5.30081424674662,-0.122321680483099,-0.27804088398486,4.38403990024938,401,4,4
RESPONSE_93,5.39362754635236,-0.190692517849118,-0.286038776773678,4.22727272727273,220,2,3
RESPONSE_94,5.7120812774709,-0.0995859195463938,-0.253895273523072,4.30743801652893,605,4,4
RESPONSE_95,4.48863636973214,-0.224859506698758,-0.3671940368172629,4.08426966292135,178,1,2
RESPONSE_96,5.2230548820474905,-0.32835455165155897,-0.315801295470782,3.91374663072776,371,3,3
RESPONSE_97,5.07517381523383,-0.185404962177392,-0.285043856274785,4.528125,320,3,3
RESPONSE_98,5.17897060891547,-0.265372446217138,-0.359968699734758,3.87323943661972,355,4,4
RESPONSE_99,5.5797298259862185,-0.0752354793863279,-0.225706438158984,4.02075471698113,530,3,3
RESPONSE_100,4.59511985013459,-0.201007563051842,-0.201007563051842,4.77777777777778,198,4,3
RESPONSE_101,4.918788616166248,-0.08367329524923198,-0.31640105883090647,4.653360694245869,279,3,3
RESPONSE_102,5.37747151573321,-0.1587168205942022,-0.27014893947230545,4.724949913148605,434,4,4
RESPONSE_103,4.892111017143179,-0.1392801875175425,-0.3006749735095473,4.654320811675878,261,3,3
RESPONSE_104,4.723079342433,-0.20901104404686718,-0.3078493125618784,4.397242437123226,224,3,3
RESPONSE_105,4.645966352068384,-0.12082130659215135,-0.2583245876793123,4.975783199375207,204,3,3
RESPONSE_106,5.465065975875674,-0.20435740079826673,-0.0015795749069711772,4.526371794827584,504,4,4
RESPONSE_107,4.965706929020117,-0.11363941547042211,-0.18025455015829475,4.57340143046316,314,3,3
RESPONSE_108,4.7205689818849885,-0.20675884772825343,-0.06361508954095704,4.99523329792926,237,3,4
RESPONSE_109,5.434386814142545,-0.25986529451298285,-0.22559366203569522,3.8715348644997283,474,3,3
RESPONSE_110,6.285270322709768,-0.33254963880103205,-0.001375991250069592,4.24629834604931,528,2,2
RESPONSE_111,6.165592319533938,-0.14546022836917108,0.00022155959084697825,4.190146504313621,469,3,3
RESPONSE_112,5.3084535528107555,-0.19087656570446143,0.0005489639251680889,4.543903313402335,397,4,4
RESPONSE_113,5.2317638420281,-0.19868133918374636,-0.15877996138588668,4.418046675506115,356,3,3
RESPONSE_114,5.458551243374556,-0.06470852270318823,-0.0007958938323651664,4.567467105308518,484,4,4
RESPONSE_115,4.4241886512012405,-0.38520105939903954,-0.35608547175852845,4.864837706985233,170,2,2
RESPONSE_116,5.311088130806796,-0.14938408631686176,-0.1336804254344433,4.036380262814226,405,3,4
RESPONSE_117,6.096948536400686,-0.28021969252545,-9.465642235259125e-05,3.691675184197831,493,3,3
RESPONSE_118,5.574328182636037,-0.07058295282322744,-0.1690486263700711,4.863153780686836,593,4,5
RESPONSE_119,4.5566511729620105,-0.19460498381258728,-0.3126722018887331,4.196546196520618,185,3,3
RESPONSE_120,4.72914074340382,-0.3079656228658358,-0.18181113120381237,4.46891340069981,232,3,3
RESPONSE_121,4.609700108773976,-0.18676449462537073,-0.0002503602138092688,4.581092873870787,196,3,3
RESPONSE_122,4.852089316410692,-0.19464534606405887,-0.3703551443452912,4.280752782612603,238,3,3
RESPONSE_123,5.340511992805594,-0.18763352076322767,-0.18781700322968817,4.552739091642029,250,3,3
RESPONSE_124,5.459774773852938,-0.10799159818250463,-0.06275129400236999,4.417949622052099,521,4,4
RESPONSE_125,5.690480969731521,-0.10273127766056726,-0.08358453508573804,4.337386389743431,570,4,4
RESPONSE_126,4.909202408902895,-0.15623290200622897,-0.2481733446968701,4.506021905259693,292,3,4
RESPONSE_127,5.495426320310753,-0.0979165568731384,-0.27948639842149836,4.671329360015528,510,4,4
RESPONSE_128,6.005043061379481,-0.16992430861096935,-0.22740158945927197,4.308450052502083,384,4,4
RESPONSE_129,5.221355857926471,-0.19145816094012535,0.0004098307160566024,4.4754524132542075,389,4,4
RESPONSE_130,5.705062634038631,-0.0806167248880774,0.0004303060776907982,4.612494095393959,599,4,4
RESPONSE_131,5.13800427314506,-0.23734198023562647,-0.2086828919376892,4.458264617823093,330,4,3
RESPONSE_132,5.499781524342485,-0.12940789438889239,0.0011751540218018423,4.625524215343247,480,4,4
RESPONSE_133,4.695492661334901,-0.31556646178034703,-0.25738480891728005,4.318492394915499,218,3,3
RESPONSE_134,5.366618894820827,-0.2315527711914587,-0.1987574951615901,4.2324548492921865,428,3,3
RESPONSE_135,5.248529985824587,-0.2960233043259136,-0.32273290915690594,3.8114005791646837,366,4,4
RESPONSE_136,5.616205456265176,-0.24562883317963574,-0.4162640011027068,4.258145607381502,276,3,3
RESPONSE_137,4.47883905437411,-0.22352809645636212,-0.2569382119134297,5.031419096405642,177,3,3
RESPONSE_138,5.334805432864205,-0.09409682719372153,-0.11781165823623599,4.658144717155632,584,4,4
RESPONSE_139,5.24787683761572,-0.10178086362512657,0.0009161997944107991,4.639446939442154,384,3,3
RESPONSE_140,5.505760447005617,-0.07672939617100236,-0.1030870575612911,4.574385568635944,485,5,4
RESPONSE_141,5.067414355527589,-0.20125146583498082,0.0004209907885933485,4.306128523239099,451,3,3
RESPONSE_142,4.990222856346401,-0.16829708334080418,-0.3698460109843676,4.70020105441579,309,3,4
RESPONSE_143,4.972380209054976,-0.2535209038529035,-0.0003938195059140791,4.328411264073803,280,4,3
RESPONSE_144,5.2953664800958,-0.204688974613218,-0.2732285432873661,4.3553366865861545,436,4,3
RESPONSE_145,3.171619158835189,-0.4109828618814131,-0.6252342229301503,4.493463026954399,48,1,1
RESPONSE_146,5.064239928501901,-0.21297534167206753,-0.2805296780270174,3.9240371613480547,308,3,3
RESPONSE_147,4.534629133303021,-0.17981159034889505,-0.5030389548419967,4.176272265325383,186,3,3
RESPONSE_148,5.107959750641561,-0.21874767689530272,-0.2885406632576389,4.381008466336507,349,4,4
RESPONSE_149,5.8147372876361,-0.10552540568012526,0.0005189589910037854,4.634307335358474,357,5,4
RESPONSE_150,5.011928849903473,-0.23867664181960788,-0.0014195998589563144,4.515304250971422,285,3,3
RESPONSE_151,4.995261279543159,-0.2414627750209928,-0.18916902982073774,4.088903689487477,307,3,2
RESPONSE_152,4.8201758746658125,-0.13993645446446504,-0.15874987908147856,4.5417198524390106,357,3,3
RESPONSE_153,5.807844464457312,-0.0789357146716636,0.00048036521113192516,4.570788122075371,652,5,4
RESPONSE_154,5.396123090091687,-0.19052850850740688,-0.0005183264021259889,4.41871814084749,436,4,4
RESPONSE_155,5.531690065783789,-0.2470197084981346,-0.2525020404195863,4.747924320770324,253,3,3
RESPONSE_156,5.322665659196558,-0.14291443474210014,-0.0010100192232039588,4.958268048793898,447,4,4
RESPONSE_157,4.711074921103684,-0.11921224913123171,-0.15123338146577328,4.9200356286196865,215,3,3
RESPONSE_158,5.476959380443143,-0.13090113052138827,-0.0006096558563298874,4.46242592210612,472,4,4
RESPONSE_159,5.232870864503079,-0.1589175691327785,-0.4622530718501322,4.00364050044325,378,3,3
RESPONSE_160,5.109580142712317,-0.13525602158356728,-0.32061253948683144,4.5484384729973755,330,4,4
RESPONSE_161,5.093521735274523,-0.21018061620149292,-0.30795448317823304,4.5202553242247,333,3,4
RESPONSE_162,5.3827927773647515,-0.23374409281452235,-0.267218104446801,4.0787091853407285,411,3,3
RESPONSE_163,6.517289427298536,-0.0948112327205807,-0.12695360134207034,4.572380297545303,678,6,6
RESPONSE_164,6.007359193895808,-0.06322410436987919,-0.0005548139642296516,4.678286147948574,778,4,4
RESPONSE_165,3.9947763822980913,-0.289705118097749,0.0003497713158202486,5.019889252325149,109,3,2
RESPONSE_166,5.894626263346283,-0.26042245657154844,-0.3058988095529482,4.515923628782843,365,4,4
RESPONSE_167,5.224662748262889,-0.1044392837630142,0.0008025123804133728,4.651259864473101,352,4,4
RESPONSE_168,5.844278803112625,-0.0785893542835399,-0.0003679250686023668,4.309871593022227,660,3,4
RESPONSE_169,5.7379266283433035,-0.129273086499849,-0.19955461921407305,4.464918710228102,661,4,4
RESPONSE_170,4.9701724892605865,-0.2852246298807202,-0.0013397015006786325,4.303402662176674,437,4,3
RESPONSE_171,4.291948467390473,-0.2045636791298859,-0.4150377849247746,4.725449205476492,142,2,2
RESPONSE_172,5.071358755167781,-0.18029291584301013,-0.301894946149314,4.6680260288259925,331,4,4
RESPONSE_173,5.1051763639541425,-0.23124132831009803,-0.3758469205336675,4.248915006706539,330,3,4
RESPONSE_174,4.787539684979566,-0.29518644491506346,-0.5150133496826935,4.7026944557647665,124,2,2
RESPONSE_175,5.073186004643178,-0.19605250446101183,-0.32858817782204275,4.057181113391399,312,3,3
RESPONSE_176,5.221162796404406,-0.2523978501508127,-0.00169050687658027,4.579923979700583,393,4,4
RESPONSE_177,6.033321810861046,-0.06301784898188022,-0.05328240694063912,4.737753488622302,736,4,5
RESPONSE_178,5.3790174720294335,-0.19328909407765843,-0.22598664565756277,4.628596178480991,398,3,4
RESPONSE_179,4.92041940068506,-0.17421562697494125,-0.26509829951636277,4.531233134954746,266,4,4
RESPONSE_180,4.609519700655417,-0.05658587327314981,-0.31816334868478263,4.5548830077927756,314,4,4
RESPONSE_181,3.9466557731238225,-0.23666574929665557,-0.5363895117926175,3.2125821261868217,54,1,1
RESPONSE_182,5.265720578587766,-0.08973708206445748,-0.1614557188668088,4.726341126279555,370,4,4
RESPONSE_183,5.199164262406118,-0.18929193749535597,-0.17349931156634626,4.168862408279101,361,4,4
RESPONSE_184,5.459848959333718,-0.19981987215922487,-0.00040164324516208316,4.2555126510180035,449,4,4
RESPONSE_185,5.119145271597595,-0.17115881539644967,-0.05190210141972036,4.623614264112992,369,4,4
RESPONSE_186,6.3039870125148445,-0.15104226062587708,-0.2756254164535808,4.3025482004414775,526,4,4
RESPONSE_187,5.175686861027831,-0.21486380570872984,-0.20380667506964112,4.232803345609543,378,3,3
RESPONSE_188,6.009586601169855,-0.14775646026778888,-0.09462448536671209,4.749416079421529,877,5,6
RESPONSE_189,5.119904434545348,-0.24614172887587013,-0.17817268938751685,4.503211568353783,321,3,3
RESPONSE_190,5.293631262183446,-0.2192407107422868,-0.3725314758360176,4.429379774977941,181,3,3
RESPONSE_191,5.601878763028315,-0.06153711770890188,0.00020142096296177803,4.767709673282672,540,4,4
RESPONSE_192,5.266582941363001,-0.11983461031190364,-0.2736553580392473,4.3745684685045045,401,4,4
RESPONSE_193,5.392298986171343,-0.1896272304451308,-0.2840802474545391,4.192302958899154,220,2,3
RESPONSE_194,5.715903626051941,-0.0994711839474234,-0.249941723230415,4.300713055616408,605,4,4
RESPONSE_195,4.441954917708253,-0.22283940243135292,-0.3646157171147711,4.167608920931242,178,1,2
RESPONSE_196,5.209682498540727,-0.32796642773716594,-0.31619586715316206,3.90703242212857,371,3,3
RESPONSE_197,5.06337966988575,-0.18387059455920907,-0.2849963808375897,4.480911614442209,320,3,3
RESPONSE_198,5.126789743933638,-0.259430364206437,-0.35934962533735537,3.8148668704909827,355,4,4
RESPONSE_199,5.525661768985705,-0.07478428788331598,-0.22370751289848514,3.898900946289304,530,3,3
RESPONSE_200,4.609340569769084,-0.19995532761473275,-0.20189541778000183,4.784332523626739,198,4,3
RESPONSE_201,4.890696833978422,-0.08363529242132459,-0.31490192141786555,4.64627157747443,279,3,3
RESPONSE_202,5.37563634288815,-0.15845446214739115,-0.27329540365990757,4.7679685027649725,434,4,4
RESPONSE_203,4.86156766555642,-0.13914140623440255,-0.30895515968227505,4.696743962584516,261,3,3
RESPONSE_204,4.715991499461418,-0.21426394754402558,-0.3075183864195222,4.43633135750083,224,3,3
RESPONSE_205,4.669141375990851,-0.11990938069338256,-0.258564468842952,4.927806864757849,204,3,3
RESPONSE_206,5.522489428422048,-0.2122510720391036,-0.0006529947782917726,4.569347858726433,504,4,4
RESPONSE_207,5.019397652241924,-0.11368490605615551,-0.17895461814475042,4.563519345963111,314,3,3
RESPONSE_208,4.813184914505544,-0.2060405346137944,-0.06511654693941007,4.8807311859270035,237,3,4
RESPONSE_209,5.418701729003941,-0.2624014257951284,-0.22580039042448807,3.8745885960637416,474,3,3
RESPONSE_210,6.339975616815192,-0.32724961420810855,6.173785357909477e-07,4.25449402316225,528,2,2
RESPONSE_211,6.110503407121785,-0.1476098733864248,-0.0013093915639505714,4.195978904086468,469,3,3
RESPONSE_212,5.290492208360585,-0.18774826564090627,-0.001232270138544389,4.581794392760274,397,4,4
RESPONSE_213,5.097008453572262,-0.1988204339453971,-0.16445276873839224,4.474569426627528,356,3,3
RESPONSE_214,5.523022863276814,-0.064514517746239,0.002084214656098666,4.5511454308262005,484,4,4
RESPONSE_215,4.4118148451932715,-0.3915565724280131,-0.35546898032723223,4.760617491969533,170,2,2
RESPONSE_216,5.290367930371708,-0.14761897658097825,-0.13222134904589314,4.007840392854947,405,3,4
RESPONSE_217,6.193151535358735,-0.28003889146165484,0.00021475532579491274,3.674762065547799,493,3,3
RESPONSE_218,5.746548043309294,-0.0700180342218257,-0.17134214201638948,4.807994669139133,593,4,5
RESPONSE_219,4.576947347045769,-0.19169135669264978,-0.3083801993865496,4.178195989789485,185,3,3
RESPONSE_220,4.779064680386426,-0.30540442576274546,-0.1860150402757342,4.438644479692342,232,3,3
RESPONSE_221,4.539763600413071,-0.18592655906252734,0.0005187484561353012,4.6256866940692225,196,3,3
RESPONSE_222,4.733997482971051,-0.1944507292461859,-0.3662333389560549,4.314354041615088,238,3,3
RESPONSE_223,5.4506917146065685,-0.18931543061460654,-0.19198199911525052,4.656730975564951,250,3,3
RESPONSE_224,5.458682127764484,-0.10599216550540196,-0.06053594386443343,4.423950949676425,521,4,4
RESPONSE_225,5.626536211506162,-0.10025565651626955,-0.08435937902875315,4.399148635068395,570,4,4
RESPONSE_226,4.980942046263076,-0.15306894908803476,-0.24795038042248768,4.423622353160669,292,3,4
RESPONSE_227,5.535614044643602,-0.10030858839907184,-0.2765686802101736,4.6533909062357575,510,4,4
RESPONSE_228,5.942796787095934,-0.1705135005817025,-0.22867048938715726,4.228981295342566,384,4,4
RESPONSE_229,5.305404353832902,-0.1890905455114685,-0.0006479786697715358,4.50534983566215,389,4,4
RESPONSE_230,5.6715938077879855,-0.0829008877930817,0.0003815118172626976,4.635254666652049,599,4,4
RESPONSE_231,5.173604900849305,-0.2421181934475855,-0.20436136868525814,4.385175216990089,330,4,3
RESPONSE_232,5.498056212470209,-0.1291566102872696,0.0014828954297816772,4.669280081026077,480,4,4
RESPONSE_233,4.729385244687233,-0.32216828890803595,-0.25012603977046716,4.251617253049309,218,3,3
RESPONSE_234,5.229105526641137,-0.23166457254208928,-0.20032580150275972,4.319655922437745,428,3,3
RESPONSE_235,5.258759805511047,-0.3009692936383166,-0.3228969531710698,3.8313551953420566,366,4,4
RESPONSE_236,5.548740058621294,-0.24857397649968027,-0.4206322126062014,4.213750916711144,276,3,3
RESPONSE_237,4.459391361473164,-0.2282217265669959,-0.26056485205421603,4.977109886819933,177,3,3
RESPONSE_238,5.298964410022213,-0.09421391783084053,-0.11613614749542352,4.5752222921583465,584,4,4
RESPONSE_239,5.313119955810195,-0.10172224949109811,-0.0022561975058891285,4.632068887974614,384,3,3
RESPONSE_240,5.5151688743497,-0.07826920836126071,-0.1015685030182735,4.551288865137509,485,5,4
RESPONSE_241,5.137450517848309,-0.19795919850871618,0.0005014847292509028,4.368022034434312,451,3,3
RESPONSE_242,4.993152803826558,-0.170478223748263,-0.37144618745429714,4.618099882347924,309,3,4
RESPONSE_243,4.937001088124836,-0.2537171101446886,-0.0004954277080145841,4.246024281317495,280,4,3
RESPONSE_244,5.331864429829996,-0.201519083549608,-0.2766909564127052,4.307419883308694,436,4,3
RESPONSE_245,3.1751635979005672,-0.4100422439046217,-0.6293019740034831,4.468266545601916,48,1,1
RESPONSE_246,5.087493230754122,-0.21307026139830243,-0.27798630657761875,4.040235282133917,308,3,3
RESPONSE_247,4.469437625560663,-0.18012543925919952,-0.5083579218050028,4.190682712144235,186,3,3
RESPONSE_248,5.153930582216271,-0.223003610358311,-0.28765181306726106,4.326970780506847,349,4,4
RESPONSE_249,5.884141407814321,-0.1060355397109696,0.0008250790151386926,4.5578240641279395,357,5,4
RESPONSE_250,4.937824503802121,-0.233914304582324,0.000861599745771921,4.617238351885399,285,3,3
RESPONSE_251,4.986010214583632,-0.2329626538812769,-0.18763836404216383,4.187181037582449,307,3,2
RESPONSE_252,4.786593205811598,-0.13806158403386595,-0.1595169225687501,4.505049741000845,357,3,3
RESPONSE_253,5.743005956030305,-0.077392376954295,0.00126189477102197,4.612484993675554,652,5,4
RESPONSE_254,5.415672261649682,-0.19024355095646742,0.00013108277980199362,4.378246448080558,436,4,4
RESPONSE_255,5.517970694463395,-0.24486658155149993,-0.2529661690511857,4.836128851097915,253,3,3
RESPONSE_256,5.29252323771578,-0.1415125052280382,-0.0008293564277238506,4.822970004312149,447,4,4
RESPONSE_257,4.737139609794021,-0.11698178043918457,-0.1514080381769285,4.984081205188354,215,3,3
RESPONSE_258,5.5462832798130295,-0.13011341001890522,0.00013814418979659474,4.472362272230946,472,4,4
RESPONSE_259,5.200130591950383,-0.16380480556997135,-0.4552522078906043,4.024176868687386,378,3,3
RESPONSE_260,5.1555745186953805,-0.1332133332487251,-0.32963913106348974,4.548004168286978,330,4,4
RESPONSE_261,5.217726653139803,-0.21053860117206605,-0.3069179868749838,4.539130472082162,333,3,4
RESPONSE_262,5.32096874736184,-0.23411069970142503,-0.26611401777495675,4.113224761902354,411,3,3
RESPONSE_263,6.621917167022833,-0.09416424497819004,-0.12729286165376327,4.556233802514267,678,6,6
RESPONSE_264,5.967073913863434,-0.06283057960892187,0.0014837335688878855,4.688415237231123,778,4,4
RESPONSE_265,4.015404493421033,-0.2859388050863119,8.479316510188071e-05,5.075545808903742,109,3,2
RESPONSE_266,5.7915601910575605,-0.26282106578129405,-0.3092207242962449,4.417463665289311,365,4,4
RESPONSE_267,5.152528151857857,-0.10725681621896889,-0.0012939769883854434,4.681368240592403,352,4,4
RESPONSE_268,5.707916940061986,-0.07744299800681478,0.0021233446269846618,4.313883137335946,660,3,4
RESPONSE_269,5.841380666197532,-0.1296710321907877,-0.20036702158185024,4.499392582014857,661,4,4
RESPONSE_270,4.948916020597414,-0.2904945384490198,-0.00022840685220212124,4.3226035906035944,437,4,3
RESPONSE_271,4.315725582139067,-0.20656123141294136,-0.41526129534484874,4.674565687966116,142,2,2
RESPONSE_272,5.121892038991521,-0.18417686095792615,-0.30541818111125807,4.716128548902902,331,4,4
RESPONSE_273,5.109629380669668,-0.23629005817341292,-0.3724542352804065,4.256034373877909,330,3,4
RESPONSE_274,4.85048179291434,-0.2971516228541129,-0.5130476377824987,4.8165763878582535,124,2,2
RESPONSE_275,5.0619234403498705,-0.19168841893672733,-0.3243897356886625,4.003646593544001,312,3,3
RESPONSE_276,5.259276736451545,-0.25104346013974704,-0.00012994806117608553,4.543663662249629,393,4,4
RESPONSE_277,6.002127456847859,-0.0636430004892078,-0.05140004298063137,4.736457990979722,736,4,5
RESPONSE_278,5.3153403627390645,-0.1859543394308223,-0.22308405989754887,4.573855664357426,398,3,4
RESPONSE_279,4.831775459586885,-0.1728706269748487,-0.27036484908607133,4.4923986979218125,266,4,4
RESPONSE_280,4.643564007070344,-0.05615873822289266,-0.32421135032331894,4.5695856300372775,314,4,4
RESPONSE_281,3.9738832021111774,-0.2355721248733889,-0.533166651758528,3.288145670141757,54,1,1
RESPONSE_282,5.288165556042248,-0.09160008218272424,-0.16754641204902251,4.637019619977687,370,4,4
RESPONSE_283,5.160000496238821,-0.18924341333291997,-0.17631525305875037,4.355759056264475,361,4,4
RESPONSE_284,5.361923561522162,-0.20212791853511922,0.0008135806052107496,4.2091062395639,449,4,4
RESPONSE_285,5.146287184845587,-0.17351032275302067,-0.05232666600618985,4.594882236980965,369,4,4
RESPONSE_286,6.307139323402259,-0.1507000564478421,-0.2738923430729638,4.397089250352048,526,4,4
RESPONSE_287,5.332562083709864,-0.21131307519401504,-0.20405593148404455,4.3370752339894105,378,3,3
RESPONSE_288,6.074510429547948,-0.1509242307290253,-0.09417676731236573,4.656119516754376,877,5,6
RESPONSE_289,5.039949941181753,-0.2370343375955098,-0.1754085355251447,4.477342380228099,321,3,3
RESPONSE_290,5.290031658203198,-0.2253269642487426,-0.3692754832512613,4.439286101118827,181,3,3
RESPONSE_291,5.5432240880382135,-0.06167222744214342,0.0007584894631370701,4.670365332119746,540,4,4
RESPONSE_292,5.376848328634963,-0.12213518079125292,-0.2817019418256919,4.444546940549332,401,4,4
RESPONSE_293,5.432640275835587,-0.18807390376358502,-0.2833125925452306,4.152839293369808,220,2,3
RESPONSE_294,5.673300477873887,-0.09917083186431995,-0.25346202783001404,4.276086978951575,605,4,4
RESPONSE_295,4.530904139731825,-0.22477564027219138,-0.36952846472133577,4.0646577035229035,178,1,2
RESPONSE_296,5.277061967746415,-0.3302901947437292,-0.3169735100322647,3.9164987505799935,371,3,3
RESPONSE_297,5.134426466570907,-0.18679911258683848,-0.28889065418909354,4.569983379328131,320,3,3
RESPONSE_298,5.083751296506639,-0.2648786298642519,-0.36062916995619626,3.823843954568697,355,4,4
RESPONSE_299,5.571734084842831,-0.07571811952198093,-0.22562394518201404,3.997505315662353,530,3,3
RESPONSE_300,4.584991801686085,-0.20030274602299647,-0.20198472049550925,4.871639936111704,198,4,3
RESPONSE_301,4.955305091867469,-0.08518383315217656,-0.31561933618810334,4.727533322745031,279,3,3
RESPONSE_302,5.399713143028155,-0.15952072445869173,-0.27152093248901477,4.821487835739876,434,4,4
RESPONSE_303,4.880701444296479,-0.13911487641204925,-0.30086783599880546,4.6936199093998585,261,3,3
RESPONSE_304,4.737735466531022,-0.20853275855070608,-0.3142125998254392,4.421630182181217,224,3,3
RESPONSE_305,4.692318175635321,-0.12096578897941089,-0.261910269753735,5.06742165915298,204,3,3
RESPONSE_306,5.4899120842677975,-0.2086488164583563,0.0006691744402271521,4.564234952155773,504,4,4
RESPONSE_307,5.041767462984724,-0.11345111004224813,-0.17676716400261053,4.583097744895763,314,3,3
RESPONSE_308,4.757676176366988,-0.203628223661115,-0.0662999015771136,4.97475053442119,237,3,4
RESPONSE_309,5.487339636854778,-0.2649183876387064,-0.22351632973193666,3.8963021311648744,474,3,3
RESPONSE_310,6.31234843837154,-0.32705975319786273,-6.712392649389326e-05,4.344633282024866,528,2,2
RESPONSE_311,6.096468546762044,-0.14612677253363046,0.0005619550026544653,4.235983392174054,469,3,3
RESPONSE_312,5.366214397769209,-0.18933953693521013,0.00149679163155383,4.590054780051795,397,4,4
RESPONSE_313,5.140276248810937,-0.1977200304405104,-0.15690410516883202,4.466277673198027,356,3,3
RESPONSE_314,5.49720684780614,-0.06359038851473617,0.0006138960734023117,4.5380244022240115,484,4,4
RESPONSE_315,4.388967064001772,-0.396767260149171,-0.3494079268790149,4.825722717000839,170,2,2
RESPONSE_316,5.32945064872067,-0.15189092674702045,-0.1306928562100161,4.050962984837867,405,3,4
RESPONSE_317,6.107908598846432,-0.2763064493856387,-0.0013357831009144132,3.6552046169951726,493,3,3
RESPONSE_318,5.666187276220895,-0.07038806007036333,-0.17083539899948777,4.775136807613845,593,4,5
RESPONSE_319,4.537763542187966,-0.19612660186039893,-0.3111683333187032,4.26093261664816,185,3,3
RESPONSE_320,4.788853836830869,-0.3077564631326269,-0.18723318983095755,4.519930879627684,232,3,3
RESPONSE_321,4.607383885546701,-0.19013984846405702,0.000294952158264376,4.523935458614097,196,3,3
RESPONSE_322,4.744424094730305,-0.1900968548288138,-0.3732261774682136,4.2534173441929575,238,3,3
RESPONSE_323,5.463273180273001,-0.19191146414185115,-0.19153967657966284,4.524167206686124,250,3,3
RESPONSE_324,5.427955238265926,-0.10832197945826834,-0.06133472148366697,4.475130417529484,521,4,4
RESPONSE_325,5.693091382393225,-0.10254006209611992,-0.08300784403099692,4.258241243089646,570,4,4
RESPONSE_326,5.01319977087655,-0.15465060707166456,-0.24502494693800939,4.487963478842092,292,3,4
RESPONSE_327,5.55636819686542,-0.09980150402359195,-0.2735148858770635,4.676839087795182,510,4,4
RESPONSE_328,5.945713704537371,-0.17140245902150128,-0.23071788192792253,4.276543077302388,384,4,4
RESPONSE_329,5.306931997826618,-0.19076307177337826,0.0016100243433471038,4.442118507999869,389,4,4
RESPONSE_330,5.651989961990758,-0.08174650793291378,0.0006576004467528831,4.606545813230723,599,4,4
RESPONSE_331,5.094620704027824,-0.2421714457116207,-0.205483501519745,4.518411146698394,330,4,3
RESPONSE_332,5.485200433125546,-0.13097275249692264,0.00029015301297351676,4.593074809240415,480,4,4
RESPONSE_333,4.75204933358063,-0.31861677656055304,-0.25416614235055246,4.39573301746834,218,3,3
RESPONSE_334,5.326908722502998,-0.23163850622051507,-0.2005217541624492,4.3354725987977725,428,3,3
RESPONSE_335,5.25978723440872,-0.29602670397769254,-0.3189286195630757,3.8684580551271504,366,4,4
RESPONSE_336,5.690670144841193,-0.24772573399798484,-0.42283890849351097,4.233294326546961,276,3,3
RESPONSE_337,4.430752859974619,-0.22179130929636448,-0.2632827016061192,5.025055126002049,177,3,3
RESPONSE_338,5.249218319902717,-0.09325979254907525,-0.11780192551440796,4.558870162256449,584,4,4
RESPONSE_339,5.301550929597822,-0.10233320308643573,-0.0003059545814060173,4.642884562102016,384,3,3
RESPONSE_340,5.533138259738684,-0.07874567014253582,-0.10202176402282591,4.621161615880386,485,5,4
RESPONSE_341,5.09376879256786,-0.19940104630838565,0.0005939625512907878,4.358447805509245,451,3,3
RESPONSE_342,5.047017767741775,-0.16972314643088085,-0.37308427861562377,4.612642575582045,309,3,4
RESPONSE_343,4.989597731190521,-0.25208599902646556,0.0007668743113992809,4.266216692603613,280,4,3
RESPONSE_344,5.376583520705638,-0.20735794201697136,-0.2769811840178405,4.3759645262365225,436,4,3
RESPONSE_345,3.210276595036554,-0.41160366750408256,-0.6282106136730936,4.540561427284394,48,1,1
RESPONSE_346,5.040841377850831,-0.21347093037677262,-0.2807099474675898,4.050054927960239,308,3,3
RESPONSE_347,4.618979624146532,-0.17863098188739468,-0.5080153316195212,4.155734774528175,186,3,3
RESPONSE_348,5.13661184337689,-0.22103516303840245,-0.2897388475908073,4.254221746263506,349,4,4
RESPONSE_349,5.940947270114374,-0.10427536368444527,-0.0016293720194083805,4.732211576452984,357,5,4
RESPONSE_350,4.9912079925308985,-0.23668218108331462,-0.0005960381403031904,4.57162098955175,285,3,3
RESPONSE_351,5.088570187460814,-0.23581670519555586,-0.19028431502438284,4.147984552162167,307,3,2
RESPONSE_352,4.788784999060399,-0.1385089410702792,-0.15706635185004147,4.546046315571217,357,3,3
RESPONSE_353,5.805662224738019,-0.07920663442128013,-0.0007119090324199066,4.578761265046937,652,5,4
RESPONSE_354,5.3779909716648495,-0.18986746441365712,0.00043322176758411467,4.4378585665929755,436,4,4
RESPONSE_355,5.533017011016815,-0.24225862988682162,-0.2534945547243088,4.8127069259202395,253,3,3
RESPONSE_356,5.35725653887001,-0.14257928029255462,0.00192554931877437,4.831524553161588,447,4,4
RESPONSE_357,4.605438304104273,-0.12099422136062347,-0.15358522247184866,4.979396512411463,215,3,3
RESPONSE_358,5.4820842288751885,-0.12958662682752775,0.0006572158990309818,4.532199692808122,472,4,4
RESPONSE_359,5.127261388680495,-0.16437171913654486,-0.4538662675773652,4.05672384009018,378,3,3
RESPONSE_360,4.992736676529479,-0.1332163654333108,-0.33257208341618566,4.626740711816868,330,4,4
RESPONSE_361,5.0121384808556595,-0.21068526868500806,-0.302072498769989,4.485643128466942,333,3,4
RESPONSE_362,5.401971554729816,-0.23223829209496463,-0.26884935095408635,4.1401700958653675,411,3,3
RESPONSE_363,6.4971403777668195,-0.09368811998118834,-0.1269232787935868,4.520454077475788,678,6,6
RESPONSE_364,5.944907534759253,-0.061703281664682495,1.5773289260129117e-05,4.627126364780412,778,4,4
RESPONSE_365,3.9952305723599926,-0.28981779531702007,0.001887522855449391,5.0607183242746885,109,3,2
RESPONSE_366,5.998072413465292,-0.26523112226994494,-0.30841924435182944,4.364437240358259,365,4,4
RESPONSE_367,5.143026635453723,-0.10568755313175522,0.0016974899259111175,4.658043926161678,352,4,4
RESPONSE_368,5.893195776429378,-0.0789025779983802,-0.0020703078300907084,4.333038107742827,660,3,4
RESPONSE_369,5.836500785417224,-0.12939373104507335,-0.19939648690569253,4.562409247475463,661,4,4
RESPONSE_370,5.060345884119955,-0.2895992875054389,0.00045439525565571786,4.281353080679009,437,4,3
RESPONSE_371,4.270945346516098,-0.2100305905678328,-0.41287704246355245,4.633066930852437,142,2,2
RESPONSE_372,5.05344196588253,-0.1840916674647714,-0.3050762944445362,4.638555438321398,331,4,4
RESPONSE_373,5.153003386250752,-0.23536483154583945,-0.3710050062513259,4.264812178356471,330,3,4
RESPONSE_374,4.752140944038631,-0.2940852857484721,-0.5112710547783036,4.796865327182454,124,2,2
RESPONSE_375,5.0877265866837265,-0.19545336583590286,-0.32728392775425147,4.092331631112595,312,3,3
RESPONSE_376,5.388702707834113,-0.25061110310291707,-0.0008979535956198197,4.599632772763745,393,4,4
RESPONSE_377,5.821055707351379,-0.06339482533834527,-0.05122932109716607,4.662969013236259,736,4,5
RESPONSE_378,5.256482070876538,-0.1892384291917802,-0.22019880345134193,4.596753886256454,398,3,4
RESPONSE_379,4.885057298969092,-0.1748857347730133,-0.2685156306050418,4.402676188031244,266,4,4
RESPONSE_380,4.6074001621489264,-0.056114389007438176,-0.31471449355438075,4.51088576835952,314,4,4
RESPONSE_381,4.053658772720239,-0.23488934365648723,-0.522622663705403,3.2288176225862797,54,1,1
RESPONSE_382,5.168097287847253,-0.08917539417286663,-0.16377370662598556,4.647596871855687,370,4,4
RESPONSE_383,5.257751488713167,-0.19181833023239453,-0.17525269785719977,4.313456848964917,361,4,4
RESPONSE_384,5.42401365686827,-0.20172790454825348,-0.00015171197778683437,4.178114223179643,449,4,4
RESPONSE_385,5.233756752096073,-0.17084012692671055,-0.05176070230190802,4.53610602152856,369,4,4
RESPONSE_386,6.23624520998955,-0.1488784313724717,-0.2691066600850128,4.419379356691029,526,4,4
RESPONSE_387,5.204436637796426,-0.20841301453743682,-0.20633177617996395,4.293496745983118,378,3,3
RESPONSE_388,6.041520928160548,-0.14563329200189426,-0.09553978458686874,4.7873127658296015,877,5,6
RESPONSE_389,5.042887740611892,-0.24141786536698379,-0.17745253241976083,4.457156750962269,321,3,3
RESPONSE_390,5.19105006831107,-0.2232725270627964,-0.372161540431348,4.357657926058178,181,3,3
RESPONSE_391,5.477926426413459,-0.05953280514082254,-0.001458338824553177,4.688115871425387,540,4,4
RESPONSE_392,5.276322494182682,-0.12316023845296407,-0.2776147112880428,4.337337868880987,401,4,4
RESPONSE_393,5.43161087959201,-0.19129483491667268,-0.2885486704989048,4.254769168409341,220,2,3
RESPONSE_394,5.765194581020047,-0.10002765319951784,-0.2556449587820199,4.4026633746090935,605,4,4
RESPONSE_395,4.539413191546669,-0.22587193087204663,-0.3626335577327069,4.093366539886849,178,1,2
RESPONSE_396,5.298055696281496,-0.33162593007400387,-0.32297447359666337,3.9311727467573383,371,3,3
RESPONSE_397,5.144885575630544,-0.18265424496654786,-0.28657505479740514,4.625057447937676,320,3,3
RESPONSE_398,5.149804717943142,-0.26748991983450904,-0.35949228103912134,3.894206003366409,355,4,4
RESPONSE_399,5.620002244027703,-0.07442308483515415,-0.22566679359966038,3.980790590109307,530,3,3
RESPONSE_400,4.550479416763726,-0.20111964073825864,-0.2031291442576167,4.762700699796302,198,4,3
RESPONSE_401,4.915081590595693,-0.08522463806885991,-0.3218340118411269,4.746650127813602,279,3,3
RESPONSE_402,5.394000247727426,-0.15925643843725643,-0.2733075133462907,4.775308615270717,434,4,4
RESPONSE_403,4.8869588318090695,-0.13848912076314704,-0.30185521285135775,4.681534193082517,261,3,3
RESPONSE_404,4.708296133418728,-0.21222803092909895,-0.3027139000588446,4.41810394262162,224,3,3
RESPONSE_405,4.627057409170962,-0.12227439915854264,-0.25752675938692215,5.0631171766172995,204,3,3
RESPONSE_406,5.636479159231367,-0.20504982949144063,0.0016323031281203816,4.5457484607367205,504,4,4
RESPONSE_407,5.077780741778928,-0.11220843227502642,-0.18153799568780515,4.6410035857723075,314,3,3
RESPONSE_408,4.753845898801028,-0.20313609826221773,-0.06464114168024479,5.001958555840137,237,3,4
RESPONSE_409,5.523896472898773,-0.2570189853425045,-0.22642436082224948,3.812361227257866,474,3,3
RESPONSE_410,6.456597232154774,-0.32717029685329757,0.00038661550829034236,4.237194587882097,528,2,2
RESPONSE_411,6.043918779874865,-0.14562515996172368,-4.8111598667129556e-05,4.149833596355787,469,3,3
RESPONSE_412,5.371115263378051,-0.18599711204931896,-0.00259835475381056,4.530484231880471,397,4,4
RESPONSE_413,5.145155556050378,-0.19638322368471872,-0.16038478429309308,4.401559487949379,356,3,3
RESPONSE_414,5.49849442208692,-0.0650816012297397,-0.00020915588579281576,4.564764945844017,484,4,4
RESPONSE_415,4.494758033930074,-0.3857144634576797,-0.35145137829893824,4.772668039761474,170,2,2
RESPONSE_416,5.298093965935569,-0.14735929227449093,-0.13087813805020762,4.053045886365079,405,3,4
RESPONSE_417,6.177006632513792,-0.2763727634982777,0.0005734281703423849,3.664261537732086,493,3,3
RESPONSE_418,5.758483736437616,-0.07047024026347536,-0.16813520962831968,4.834910487110074,593,4,5
RESPONSE_419,4.519629374573698,-0.19412381446268176,-0.3195439552746211,4.161465817197018,185,3,3
RESPONSE_420,4.694241838682439,-0.30307537402398443,-0.1883388155344756,4.419565033033062,232,3,3
RESPONSE_421,4.579068459362277,-0.18773151454640943,-0.0003049973457242287,4.599832747477381,196,3,3
RESPONSE_422,4.754902632872144,-0.19036927061064884,-0.36985944264726467,4.3638262050397145,238,3,3
RESPONSE_423,5.589876954922449,-0.1902095473263999,-0.18792640047403078,4.637241861632761,250,3,3
RESPONSE_424,5.57539937155354,-0.10718582659039519,-0.06113775754868979,4.492370064512235,521,4,4
RESPONSE_425,5.607169586652364,-0.10104817197775805,-0.08375761289899,4.427559782231795,570,4,4
RESPONSE_426,4.996197171104436,-0.15525552995983843,-0.2503059910560553,4.456112450342235,292,3,4
RESPONSE_427,5.454540661732327,-0.09980082538322434,-0.27607809075251216,4.654278154459028,510,4,4
RESPONSE_428,6.044833266013086,-0.16870724640717105,-0.22690183190473806,4.267558643528476,384,4,4
RESPONSE_429,5.315228802309022,-0.18906027828419852,-0.0008138374208533874,4.4671628457058725,389,4,4
RESPONSE_430,5.680379892259679,-0.08039485013689827,0.0010200936307076121,4.608487883788318,599,4,4
RESPONSE_431,5.11109039898275,-0.24229093348707437,-0.20708114209614134,4.442135587809552,330,4,3
RESPONSE_432,5.578237874402767,-0.12662305829630408,-0.00027389806372914654,4.62550580004733,480,4,4
RESPONSE_433,4.710299260504441,-0.32025089842093984,-0.24993417882876276,4.311409996740471,218,3,3
RESPONSE_434,5.426669713545245,-0.23507440230723714,-0.20083084794271697,4.339562278400583,428,3,3
RESPONSE_435,5.217946504969524,-0.30153651545746263,-0.32252504479229005,3.8627062355410775,366,4,4
RESPONSE_436,5.687196841685341,-0.2470360396969753,-0.4184452347454175,4.258314679039909,276,3,3
RESPONSE_437,4.465174808007515,-0.22384757499203553,-0.2574323295557148,5.143992434648594,177,3,3
RESPONSE_438,5.2374942433946785,-0.09374770253600886,-0.11840476303134201,4.582583119162319,584,4,4
RESPONSE_439,5.3483414127918545,-0.10282889316374,0.00019182305635568882,4.631338477784556,384,3,3
RESPONSE_440,5.459806243154585,-0.07823288423327271,-0.10196596826650275,4.521729709432123,485,5,4
RESPONSE_441,4.963047739749978,-0.20029309366276282,0.0006413098354855021,4.41442373333156,451,3,3
RESPONSE_442,5.012782696819511,-0.17250893137461845,-0.373797803652766,4.613387453924231,309,3,4
RESPONSE_443,4.971993270663383,-0.2522635983214571,0.00036749141967836477,4.372707805625929,280,4,3
RESPONSE_444,5.450675046156775,-0.20664375277728952,-0.27320673260313266,4.301989715654287,436,4,3
RESPONSE_445,3.2448836842918776,-0.412356692688007,-0.6220681139791858,4.508116092855089,48,1,1
RESPONSE_446,5.119553207358442,-0.21315763234713686,-0.2748162313746918,4.023971639636469,308,3,3
RESPONSE_447,4.561701469231638,-0.1816841006308739,-0.49852394708127673,4.23998508091884,186,3,3
RESPONSE_448,5.230648360797307,-0.22091774445611861,-0.2902141915580877,4.368352127140403,349,4,4
RESPONSE_449,5.820887948470274,-0.10479340665029424,0.0020875633761660837,4.65531910773623,357,5,4
RESPONSE_450,4.919971223074919,-0.24045102312830066,0.00011713421221327176,4.566119766073865,285,3,3
RESPONSE_451,4.992777677710384,-0.23487263102821243,-0.19090957092226443,4.201187765798406,307,3,2
RESPONSE_452,4.771807318078649,-0.13873018978897847,-0.15864645031582747,4.527882695765858,357,3,3
RESPONSE_453,5.735662325207071,-0.07834883371685109,0.0012761493207592207,4.575427836228244,652,5,4
RESPONSE_454,5.440448465152179,-0.18816190842494837,0.0002709685074809869,4.460324066278157,436,4,4
RESPONSE_455,5.573671816938454,-0.24674128167921183,-0.24843449107182713,4.854644545512539,253,3,3
RESPONSE_456,5.2998194940391725,-0.1389360512811921,-0.0009886306563756085,4.830174206951339,447,4,4
RESPONSE_457,4.648148681400997,-0.11887265779908303,-0.15440987588697377,5.040469157335116,215,3,3
RESPONSE_458,5.437132669084892,-0.12991784754556848,-0.001141823804215901,4.478789592047987,472,4,4
RESPONSE_459,5.290939614924471,-0.16545301397453482,-0.45204007252337247,4.033045863702657,378,3,3
RESPONSE_460,5.089557550056242,-0.13531931028706687,-0.3220522291357192,4.593810794466711,330,4,4
RESPONSE_461,5.009137454539514,-0.2125437149161621,-0.2996934824158906,4.547957430384668,333,3,4
RESPONSE_462,5.325139982005796,-0.23095016974931346,-0.26605275509188125,4.166267027594351,411,3,3
RESPONSE_463,6.483882034762735,-0.09306387298325682,-0.1257735117501317,4.587722517361377,678,6,6
RESPONSE_464,5.969609494191589,-0.06241799431122988,0.0004807218843402119,4.635085664296571,778,4,4
RESPONSE_465,3.9853957719158486,-0.2884475911334098,0.000545780550775707,4.99261128646971,109,3,2
RESPONSE_466,5.949639080864673,-0.2593863891078606,-0.3089133981953573,4.482364487914066,365,4,4
RESPONSE_467,5.273541313796364,-0.10676693157636329,0.00025940499159534584,4.628509527885896,352,4,4
RESPONSE_468,5.843567230724241,-0.07841061132171213,-0.0018982041234114494,4.342580307912778,660,3,4
RESPONSE_469,5.831888921305181,-0.13008170585037432,-0.19647790950515956,4.4440555177701935,661,4,4
RESPONSE_470,5.023069096934704,-0.28824421267438427,0.000410756695428805,4.347185039469054,437,4,3
RESPONSE_471,4.250469764641417,-0.20628464198497015,-0.4246640190460642,4.541462757714935,142,2,2
RESPONSE_472,5.108774646992911,-0.18136699898055422,-0.30759502892858204,4.646768026115124,331,4,4
RESPONSE_473,5.050161393671974,-0.2331840971489592,-0.37694199868210193,4.257055577042079,330,3,4
RESPONSE_474,4.831601001554706,-0.29696375992035173,-0.5081635094609152,4.845534309855244,124,2,2
RESPONSE_475,5.0429520481398304,-0.19895708879013577,-0.3290591261984409,4.056647774198175,312,3,3
RESPONSE_476,5.2715596599939465,-0.2552207472714188,0.0008190412764187295,4.572303516853885,393,4,4
RESPONSE_477,5.860276327145631,-0.0639261760779183,-0.05204031763045425,4.696254678313837,736,4,5
RESPONSE_478,5.330620030078883,-0.18884216718120875,-0.2232823090331404,4.629621142418311,398,3,4
RESPONSE_479,4.9076086025516945,-0.17706546499199521,-0.26246834108345385,4.407804397114447,266,4,4
RESPONSE_480,4.6199927541043895,-0.05585430033547443,-0.31725435621692605,4.542608309415916,314,4,4
RESPONSE_481,3.986511077324802,-0.23572105209871722,-0.5234249702662788,3.2598318292530575,54,1,1
RESPONSE_482,5.284042681230532,-0.09124806717684289,-0.16287870356714143,4.708276234253139,370,4,4
RESPONSE_483,5.146233560450788,-0.18802877389569536,-0.17622311722355002,4.275243299726654,361,4,4
RESPONSE_484,5.379216819837475,-0.20048419367279677,0.0002727442779263435,4.240498673549288,449,4,4
RESPONSE_485,5.190243891527393,-0.17261752256642535,-0.05219567277880104,4.5914951593995506,369,4,4
RESPONSE_486,6.427077665097452,-0.15319505010130333,-0.2731098412944186,4.331180014984067,526,4,4
RESPONSE_487,5.2591222514487805,-0.21149296992766017,-0.20403270900215398,4.288141821382447,378,3,3
RESPONSE_488,6.107875974483694,-0.14694000877680083,-0.094186541087446,4.774527118719775,877,5,6
RESPONSE_489,5.106667516585181,-0.2416051998210694,-0.1740152496631291,4.537819606656575,321,3,3
RESPONSE_490,5.242280432192564,-0.2257335381740454,-0.3738743690524632,4.376333381840351,181,3,3
RESPONSE_491,5.623862697896435,-0.05982781402145923,0.001455457201183773,4.632005902566701,540,4,4
RESPONSE_492,5.380563583047489,-0.12136285530957602,-0.27507935740542194,4.44791475031162,401,4,4
RESPONSE_493,5.396085248069736,-0.19206860391512987,-0.2883885377586882,4.1731893411113825,220,2,3
RESPONSE_494,5.731750482886787,-0.09789396068412513,-0.2507608348493316,4.320687554008289,605,4,4
RESPONSE_495,4.473467759779446,-0.22564624990973406,-0.36251649380052414,4.011620702925992,178,1,2
RESPONSE_496,5.186379408536163,-0.3231453680535416,-0.31210463561102314,3.942257068725908,371,3,3
RESPONSE_497,5.161995799446461,-0.1827088058264155,-0.2789209859115068,4.631220623877976,320,3,3
RESPONSE_498,5.216499152855678,-0.26497582647054213,-0.3604178541667857,3.829803663535034,355,4,4
RESPONSE_499,5.450414618326595,-0.0744692867658657,-0.22552058466419356,4.060003147481292,530,3,3
RESPONSE_500,4.501384469264368,-0.20214456496665706,-0.20033349972539008,4.853280883040842,198,4,3
